Genus,Species,Subspecies,Family,Order,Common_Name,Name_In_Tree,Sampled,DNA_In_Tree,Extinct_Extant,Status_Species,DAISIE_Status_Species,Remove_Species
Hoplobatrachus,tigerinus,None,Dicroglossidae,Anura,Indus Valley Bullfrog,Hoplobatrachus_tigerinus,TRUE,TRUE,Extant,Non-endemic,NA,TRUE
Heterixalus,alboguttatus,None,Hyperoliidae,Anura,None,Heterixalus_alboguttatus,TRUE,TRUE,Extant,Endemic,Endemic,FALSE
Heterixalus,andrakata,None,Hyperoliidae,Anura,None,Heterixalus_andrakata,TRUE,TRUE,Extant,Endemic,Endemic,FALSE
Heterixalus,betsileo,None,Hyperoliidae,Anura,None,Heterixalus_betsileo,TRUE,TRUE,Extant,Endemic,Endemic,FALSE
Heterixalus,boettgeri,None,Hyperoliidae,Anura,None,Heterixalus_boettgeri,TRUE,TRUE,Extant,Endemic,Endemic,FALSE
Heterixalus,carbonei,None,Hyperoliidae,Anura,None,Heterixalus_carbonei,TRUE,TRUE,Extant,Endemic,Endemic,FALSE
Heterixalus,luteostriatus,None,Hyperoliidae,Anura,None,Heterixalus_luteostriatus,TRUE,TRUE,Extant,Endemic,Endemic,FALSE
Heterixalus,madagascariensis,None,Hyperoliidae,Anura,None,Heterixalus_madagascariensis,TRUE,TRUE,Extant,Endemic,Endemic,FALSE
Heterixalus,punctatus,None,Hyperoliidae,Anura,None,Heterixalus_punctatus,TRUE,TRUE,Extant,Endemic,Endemic,FALSE
Heterixalus,rutenbergi,None,Hyperoliidae,Anura,None,Heterixalus_rutenbergi,TRUE,TRUE,Extant,Endemic,Endemic,FALSE
Heterixalus,tricolor,None,Hyperoliidae,Anura,None,Heterixalus_tricolor,TRUE,TRUE,Extant,Endemic,Endemic,FALSE
Heterixalus,variabilis,None,Hyperoliidae,Anura,None,Heterixalus_variabilis,TRUE,TRUE,Extant,Endemic,Endemic,FALSE
Boophis,albilabris,None,Mantellidae,Anura,None,Boophis_albilabris,TRUE,TRUE,Extant,Endemic,Endemic,FALSE
Boophis,albipunctatus,None,Mantellidae,Anura,None,Boophis_albipunctatus,TRUE,TRUE,Extant,Endemic,Endemic,FALSE
Boophis,andohahela,None,Mantellidae,Anura,None,Boophis_andohahela,TRUE,TRUE,Extant,Endemic,Endemic,FALSE
Boophis,andrangoloaka,None,Mantellidae,Anura,None,Boophis_andrangoloaka,TRUE,TRUE,Extant,Endemic,Endemic,FALSE
Boophis,andreonei,None,Mantellidae,Anura,None,Boophis_andreonei,TRUE,TRUE,Extant,Endemic,Endemic,FALSE
Boophis,anjanaharibeensis,None,Mantellidae,Anura,None,Boophis_anjanaharibeensis,TRUE,TRUE,Extant,Endemic,Endemic,FALSE
Boophis,ankarafensis,None,Mantellidae,Anura,None,NA,FALSE,FALSE,Extant,Endemic,Endemic,FALSE
Boophis,ankaratra,None,Mantellidae,Anura,None,Boophis_ankaratra,TRUE,TRUE,Extant,Endemic,Endemic,FALSE
Boophis,arcanus,None,Mantellidae,Anura,None,Boophis_arcanus,TRUE,TRUE,Extant,Endemic,Endemic,FALSE
Boophis,asquithi,None,Mantellidae,Anura,None,NA,FALSE,FALSE,Extant,Endemic,Endemic,FALSE
Boophis,axelmeyeri,None,Mantellidae,Anura,None,Boophis_axelmeyeri,TRUE,TRUE,Extant,Endemic,Endemic,FALSE
Boophis,baetkei,None,Mantellidae,Anura,None,Boophis_baetkei,TRUE,TRUE,Extant,Endemic,Endemic,FALSE
Boophis,blommersae,None,Mantellidae,Anura,None,Boophis_blommersae,TRUE,TRUE,Extant,Endemic,Endemic,FALSE
Boophis,boehmei,None,Mantellidae,Anura,None,Boophis_boehmei,TRUE,TRUE,Extant,Endemic,Endemic,FALSE
Boophis,boppa,None,Mantellidae,Anura,Boppa's Bright-eyed treefrog; Malagasy: Fity maso hazo Sahona ny Boppa,NA,FALSE,FALSE,Extant,Endemic,Endemic,FALSE
Boophis,bottae,None,Mantellidae,Anura,None,Boophis_bottae,TRUE,TRUE,Extant,Endemic,Endemic,FALSE
Boophis,brachychir,None,Mantellidae,Anura,None,Boophis_brachychir,TRUE,TRUE,Extant,Endemic,Endemic,FALSE
Boophis,burgeri,None,Mantellidae,Anura,None,Boophis_burgeri,TRUE,TRUE,Extant,Endemic,Endemic,FALSE
Boophis,calcaratus,None,Mantellidae,Anura,None,Boophis_calcaratus,TRUE,TRUE,Extant,Endemic,Endemic,FALSE
Boophis,doulioti,None,Mantellidae,Anura,None,Boophis_doulioti,TRUE,TRUE,Extant,Endemic,Endemic,FALSE
Boophis,elenae,None,Mantellidae,Anura,None,Boophis_elenae,TRUE,TRUE,Extant,Endemic,Endemic,FALSE
Boophis,englaenderi,None,Mantellidae,Anura,None,Boophis_englaenderi,TRUE,TRUE,Extant,Endemic,Endemic,FALSE
Boophis,entingae,None,Mantellidae,Anura,None,Boophis_entingae,TRUE,TRUE,Extant,Endemic,Endemic,FALSE
Boophis,erythrodactylus,None,Mantellidae,Anura,None,Boophis_erythrodactylus,TRUE,TRUE,Extant,Endemic,Endemic,FALSE
Boophis,fayi,None,Mantellidae,Anura,None,Boophis_fayi,TRUE,TRUE,Extant,Endemic,Endemic,FALSE
Boophis,feonnyala,None,Mantellidae,Anura,None,Boophis_feonnyala,TRUE,TRUE,Extant,Endemic,Endemic,FALSE
Boophis,goudotii,None,Mantellidae,Anura,None,Boophis_goudotii,TRUE,TRUE,Extant,Endemic,Endemic,FALSE
Boophis,guibei,None,Mantellidae,Anura,None,Boophis_guibei,TRUE,TRUE,Extant,Endemic,Endemic,FALSE
Boophis,haematopus,None,Mantellidae,Anura,None,Boophis_haematopus,TRUE,TRUE,Extant,Endemic,Endemic,FALSE
Boophis,haingana,None,Mantellidae,Anura,None,Boophis_haingana,TRUE,FALSE,Extant,Endemic,Endemic,FALSE
Boophis,idae,None,Mantellidae,Anura,None,Boophis_idae,TRUE,TRUE,Extant,Endemic,Endemic,FALSE
Boophis,jaegeri,None,Mantellidae,Anura,None,Boophis_jaegeri,TRUE,TRUE,Extant,Endemic,Endemic,FALSE
Boophis,laurenti,None,Mantellidae,Anura,None,Boophis_laurenti,TRUE,TRUE,Extant,Endemic,Endemic,FALSE
Boophis,liami,None,Mantellidae,Anura,None,Boophis_liami,TRUE,TRUE,Extant,Endemic,Endemic,FALSE
Boophis,lichenoides,None,Mantellidae,Anura,Liken treefrog,Boophis_lichenoides,TRUE,TRUE,Extant,Endemic,Endemic,FALSE
Boophis,lilianae,None,Mantellidae,Anura,None,Boophis_lilianae,TRUE,TRUE,Extant,Endemic,Endemic,FALSE
Boophis,luciae,None,Mantellidae,Anura,None,Boophis_luciae,TRUE,TRUE,Extant,Endemic,Endemic,FALSE
Boophis,luteus,None,Mantellidae,Anura,None,Boophis_luteus,TRUE,TRUE,Extant,Endemic,Endemic,FALSE
Boophis,madagascariensis,None,Mantellidae,Anura,None,Boophis_madagascariensis,TRUE,TRUE,Extant,Endemic,Endemic,FALSE
Boophis,majori,None,Mantellidae,Anura,None,Boophis_majori,TRUE,TRUE,Extant,Endemic,Endemic,FALSE
Boophis,mandraka,None,Mantellidae,Anura,None,Boophis_mandraka,TRUE,TRUE,Extant,Endemic,Endemic,FALSE
Boophis,marojezensis,None,Mantellidae,Anura,None,Boophis_marojezensis,TRUE,TRUE,Extant,Endemic,Endemic,FALSE
Boophis,masoala,None,Mantellidae,Anura,None,NA,FALSE,FALSE,Extant,Endemic,Endemic,FALSE
Boophis,miadana,None,Mantellidae,Anura,None,Boophis_miadana,TRUE,FALSE,Extant,Endemic,Endemic,FALSE
Boophis,microtympanum,None,Mantellidae,Anura,None,Boophis_microtympanum,TRUE,TRUE,Extant,Endemic,Endemic,FALSE
Boophis,miniatus,None,Mantellidae,Anura,None,Boophis_miniatus,TRUE,TRUE,Extant,Endemic,Endemic,FALSE
Boophis,narinsi,None,Mantellidae,Anura,None,Boophis_narinsi,TRUE,TRUE,Extant,Endemic,Endemic,FALSE
Boophis,obscurus,None,Mantellidae,Anura,None,Boophis_obscurus,TRUE,TRUE,Extant,Endemic,Endemic,FALSE
Boophis,occidentalis,None,Mantellidae,Anura,Western white lipped treefrog,Boophis_occidentalis,TRUE,TRUE,Extant,Endemic,Endemic,FALSE
Boophis,opisthodon,None,Mantellidae,Anura,None,Boophis_opisthodon,TRUE,TRUE,Extant,Endemic,Endemic,FALSE
Boophis,pauliani,None,Mantellidae,Anura,None,Boophis_pauliani,TRUE,TRUE,Extant,Endemic,Endemic,FALSE
Boophis,periegetes,None,Mantellidae,Anura,None,Boophis_periegetes,TRUE,TRUE,Extant,Endemic,Endemic,FALSE
Boophis,picturatus,None,Mantellidae,Anura,None,Boophis_picturatus,TRUE,TRUE,Extant,Endemic,Endemic,FALSE
Boophis,piperatus,None,Mantellidae,Anura,None,Boophis_piperatus,TRUE,FALSE,Extant,Endemic,Endemic,FALSE
Boophis,popi,None,Mantellidae,Anura,None,Boophis_popi,TRUE,TRUE,Extant,Endemic,Endemic,FALSE
Boophis,praedictus,None,Mantellidae,Anura,None,Boophis_praedictus,TRUE,FALSE,Extant,Endemic,Endemic,FALSE
Boophis,pyrrhus,None,Mantellidae,Anura,None,Boophis_pyrrhus,TRUE,TRUE,Extant,Endemic,Endemic,FALSE
Boophis,quasiboehmei,None,Mantellidae,Anura,None,Boophis_quasiboehmei,TRUE,TRUE,Extant,Endemic,Endemic,FALSE
Boophis,rappiodes,None,Mantellidae,Anura,None,Boophis_rappiodes,TRUE,TRUE,Extant,Endemic,Endemic,FALSE
Boophis,reticulatus,None,Mantellidae,Anura,None,Boophis_reticulatus,TRUE,TRUE,Extant,Endemic,Endemic,FALSE
Boophis,rhodoscelis,None,Mantellidae,Anura,None,Boophis_rhodoscelis,TRUE,TRUE,Extant,Endemic,Endemic,FALSE
Boophis,roseipalmatus,None,Mantellidae,Anura,None,Boophis_roseipalmatus,TRUE,TRUE,Extant,Endemic,Endemic,FALSE
Boophis,rufioculis,None,Mantellidae,Anura,None,Boophis_rufioculis,TRUE,TRUE,Extant,Endemic,Endemic,FALSE
Boophis,sambirano,None,Mantellidae,Anura,None,Boophis_sambirano,TRUE,TRUE,Extant,Endemic,Endemic,FALSE
Boophis,sandrae,None,Mantellidae,Anura,None,Boophis_sandrae,TRUE,FALSE,Extant,Endemic,Endemic,FALSE
Boophis,schuboeae,None,Mantellidae,Anura,None,Boophis_schuboeae,TRUE,TRUE,Extant,Endemic,Endemic,FALSE
Boophis,septentrionalis,None,Mantellidae,Anura,None,Boophis_septentrionalis,TRUE,TRUE,Extant,Endemic,Endemic,FALSE
Boophis,sibilans,None,Mantellidae,Anura,None,Boophis_sibilans,TRUE,TRUE,Extant,Endemic,Endemic,FALSE
Boophis,solomaso,None,Mantellidae,Anura,None,Boophis_solomaso,TRUE,FALSE,Extant,Endemic,Endemic,FALSE
Boophis,spinophis,None,Mantellidae,Anura,None,Boophis_spinophis,TRUE,FALSE,Extant,Endemic,Endemic,FALSE
Boophis,tampoka,None,Mantellidae,Anura,None,Boophis_tampoka,TRUE,TRUE,Extant,Endemic,Endemic,FALSE
Boophis,tasymena,None,Mantellidae,Anura,None,Boophis_tasymena,TRUE,TRUE,Extant,Endemic,Endemic,FALSE
Boophis,tephraeomystax,None,Mantellidae,Anura,None,Boophis_tephraeomystax,TRUE,TRUE,Extant,Endemic,Endemic,FALSE
Boophis,tsilomaro,None,Mantellidae,Anura,None,Boophis_tsilomaro,TRUE,FALSE,Extant,Endemic,Endemic,FALSE
Boophis,ulftunni,None,Mantellidae,Anura,None,Boophis_ulftunni,TRUE,TRUE,Extant,Endemic,Endemic,FALSE
Boophis,viridis,None,Mantellidae,Anura,None,Boophis_viridis,TRUE,TRUE,Extant,Endemic,Endemic,FALSE
Boophis,vittatus,None,Mantellidae,Anura,None,Boophis_vittatus,TRUE,TRUE,Extant,Endemic,Endemic,FALSE
Boophis,williamsi,None,Mantellidae,Anura,None,Boophis_williamsi,TRUE,TRUE,Extant,Endemic,Endemic,FALSE
Boophis,xerophilus,None,Mantellidae,Anura,None,Boophis_xerophilus,TRUE,TRUE,Extant,Endemic,Endemic,FALSE
Aglyptodactylus,australis,None,Mantellidae,Anura,None,NA,FALSE,FALSE,Extant,Endemic,Endemic,FALSE
Aglyptodactylus,chorus,None,Mantellidae,Anura,None,NA,FALSE,FALSE,Extant,Endemic,Endemic,FALSE
Aglyptodactylus,inguinalis,None,Mantellidae,Anura,None,NA,FALSE,FALSE,Extant,Endemic,Endemic,FALSE
Aglyptodactylus,laticeps,None,Mantellidae,Anura,None,Aglyptodactylus_laticeps,TRUE,TRUE,Extant,Endemic,Endemic,FALSE
Aglyptodactylus,madagascariensis,None,Mantellidae,Anura,None,Aglyptodactylus_madagascariensis,TRUE,TRUE,Extant,Endemic,Endemic,FALSE
Aglyptodactylus,securifer,None,Mantellidae,Anura,None,Aglyptodactylus_securifer,TRUE,TRUE,Extant,Endemic,Endemic,FALSE
Laliostoma,labrosum,None,Mantellidae,Anura,None,Laliostoma_labrosum,TRUE,TRUE,Extant,Endemic,Endemic,FALSE
Blommersia,angolafa,None,Mantellidae,Anura,None,Blommersia_angolafa,TRUE,TRUE,Extant,Endemic,Endemic,FALSE
Blommersia,blommersae,None,Mantellidae,Anura,None,Blommersia_blommersae,TRUE,TRUE,Extant,Endemic,Endemic,FALSE
Blommersia,dejongi,None,Mantellidae,Anura,None,Blommersia_dejongi,TRUE,TRUE,Extant,Endemic,Endemic,FALSE
Blommersia,domerguei,None,Mantellidae,Anura,None,Blommersia_domerguei,TRUE,TRUE,Extant,Endemic,Endemic,FALSE
Blommersia,galani,None,Mantellidae,Anura,None,Blommersia_galani,TRUE,TRUE,Extant,Endemic,Endemic,FALSE
Blommersia,grandisonae,None,Mantellidae,Anura,None,Blommersia_grandisonae,TRUE,TRUE,Extant,Endemic,Endemic,FALSE
Blommersia,kely,None,Mantellidae,Anura,None,Blommersia_kely,TRUE,TRUE,Extant,Endemic,Endemic,FALSE
Blommersia,sarotra,None,Mantellidae,Anura,None,Blommersia_sarotra,TRUE,TRUE,Extant,Endemic,Endemic,FALSE
Blommersia,variabilis,None,Mantellidae,Anura,None,Blommersia_variabilis,TRUE,TRUE,Extant,Endemic,Endemic,FALSE
Blommersia,wittei,None,Mantellidae,Anura,None,Blommersia_wittei,TRUE,TRUE,Extant,Endemic,Endemic,FALSE
Boehmantis,microtympanum,None,Mantellidae,Anura,None,Boehmantis_microtympanum,TRUE,TRUE,Extant,Endemic,Endemic,FALSE
Gephyromantis,ambohitra,None,Mantellidae,Anura,None,Gephyromantis_ambohitra,TRUE,TRUE,Extant,Endemic,Endemic,FALSE
Gephyromantis,angano,None,Mantellidae,Anura,None,NA,FALSE,FALSE,Extant,Endemic,Endemic,FALSE
Gephyromantis,asper,None,Mantellidae,Anura,None,Gephyromantis_asper,TRUE,TRUE,Extant,Endemic,Endemic,FALSE
Gephyromantis,atsingy,None,Mantellidae,Anura,None,Gephyromantis_atsingy,TRUE,TRUE,Extant,Endemic,Endemic,FALSE
Gephyromantis,blanci,None,Mantellidae,Anura,None,Gephyromantis_blanci,TRUE,TRUE,Extant,Endemic,Endemic,FALSE
Gephyromantis,boulengeri,None,Mantellidae,Anura,None,Gephyromantis_boulengeri,TRUE,TRUE,Extant,Endemic,Endemic,FALSE
Gephyromantis,ceratophrys,None,Mantellidae,Anura,None,NA,FALSE,FALSE,Extant,Endemic,Endemic,FALSE
Gephyromantis,cornutus,None,Mantellidae,Anura,None,Gephyromantis_cornutus,TRUE,TRUE,Extant,Endemic,Endemic,FALSE
Gephyromantis,corvus,None,Mantellidae,Anura,None,Gephyromantis_corvus,TRUE,TRUE,Extant,Endemic,Endemic,FALSE
Gephyromantis,decaryi,None,Mantellidae,Anura,None,Gephyromantis_decaryi,TRUE,TRUE,Extant,Endemic,Endemic,FALSE
Gephyromantis,eiselti,None,Mantellidae,Anura,None,Gephyromantis_eiselti,TRUE,TRUE,Extant,Endemic,Endemic,FALSE
Gephyromantis,enki,None,Mantellidae,Anura,None,Gephyromantis_enki,TRUE,TRUE,Extant,Endemic,Endemic,FALSE
Gephyromantis,granulatus,None,Mantellidae,Anura,None,Gephyromantis_granulatus,TRUE,TRUE,Extant,Endemic,Endemic,FALSE
Gephyromantis,grosjeani,None,Mantellidae,Anura,None,NA,FALSE,FALSE,Extant,Endemic,Endemic,FALSE
Gephyromantis,hintelmannae,None,Mantellidae,Anura,None,Gephyromantis_hintelmannae,TRUE,TRUE,Extant,Endemic,Endemic,FALSE
Gephyromantis,horridus,None,Mantellidae,Anura,Boettger's Grainy Frog,Gephyromantis_horridus,TRUE,TRUE,Extant,Endemic,Endemic,FALSE
Gephyromantis,kintana,None,Mantellidae,Anura,None,NA,FALSE,FALSE,Extant,Endemic,Endemic,FALSE
Gephyromantis,klemmeri,None,Mantellidae,Anura,Klemmer's Madagascar Frog,Gephyromantis_klemmeri,TRUE,TRUE,Extant,Endemic,Endemic,FALSE
Gephyromantis,leucocephalus,None,Mantellidae,Anura,None,Gephyromantis_leucocephalus,TRUE,TRUE,Extant,Endemic,Endemic,FALSE
Gephyromantis,leucomaculatus,None,Mantellidae,Anura,None,Gephyromantis_leucomaculatus,TRUE,TRUE,Extant,Endemic,Endemic,FALSE
Gephyromantis,lomorina,None,Mantellidae,Anura,None,NA,FALSE,FALSE,Extant,Endemic,Endemic,FALSE
Gephyromantis,luteus,None,Mantellidae,Anura,None,Gephyromantis_luteus,TRUE,TRUE,Extant,Endemic,Endemic,FALSE
Gephyromantis,mafy,None,Mantellidae,Anura,None,Gephyromantis_mafy,TRUE,TRUE,Extant,Endemic,Endemic,FALSE
Gephyromantis,malagasius,None,Mantellidae,Anura,None,Gephyromantis_malagasius,TRUE,TRUE,Extant,Endemic,Endemic,FALSE
Gephyromantis,moseri,None,Mantellidae,Anura,None,Gephyromantis_moseri,TRUE,TRUE,Extant,Endemic,Endemic,FALSE
Gephyromantis,pedronoi,None,Mantellidae,Anura,None,NA,FALSE,FALSE,Extant,Endemic,Endemic,FALSE
Gephyromantis,plicifer,None,Mantellidae,Anura,None,Gephyromantis_plicifer,TRUE,TRUE,Extant,Endemic,Endemic,FALSE
Gephyromantis,pseudoasper,None,Mantellidae,Anura,None,Gephyromantis_pseudoasper,TRUE,TRUE,Extant,Endemic,Endemic,FALSE
Gephyromantis,ranjomavo,None,Mantellidae,Anura,None,Gephyromantis_ranjomavo,TRUE,FALSE,Extant,Endemic,Endemic,FALSE
Gephyromantis,redimitus,None,Mantellidae,Anura,None,Gephyromantis_redimitus,TRUE,TRUE,Extant,Endemic,Endemic,FALSE
Gephyromantis,rivicola,None,Mantellidae,Anura,None,Gephyromantis_rivicola,TRUE,TRUE,Extant,Endemic,Endemic,FALSE
Gephyromantis,runewsweeki,None,Mantellidae,Anura,None,Gephyromantis_runewsweeki,TRUE,TRUE,Extant,Endemic,Endemic,FALSE
Gephyromantis,salegy,None,Mantellidae,Anura,Salegy forest frog,Gephyromantis_salegy,TRUE,TRUE,Extant,Endemic,Endemic,FALSE
Gephyromantis,saturnini,None,Mantellidae,Anura,None,NA,FALSE,FALSE,Extant,Endemic,Endemic,FALSE
Gephyromantis,schilfi,None,Mantellidae,Anura,None,Gephyromantis_schilfi,TRUE,TRUE,Extant,Endemic,Endemic,FALSE
Gephyromantis,sculpturatus,None,Mantellidae,Anura,None,Gephyromantis_sculpturatus,TRUE,TRUE,Extant,Endemic,Endemic,FALSE
Gephyromantis,silvanus,None,Mantellidae,Anura,None,Gephyromantis_silvanus,TRUE,TRUE,Extant,Endemic,Endemic,FALSE
Gephyromantis,spiniferus,None,Mantellidae,Anura,None,Gephyromantis_spiniferus,TRUE,FALSE,Extant,Endemic,Endemic,FALSE
Gephyromantis,striatus,None,Mantellidae,Anura,None,Gephyromantis_striatus,TRUE,TRUE,Extant,Endemic,Endemic,FALSE
Gephyromantis,tahotra,None,Mantellidae,Anura,None,Gephyromantis_tahotra,TRUE,TRUE,Extant,Endemic,Endemic,FALSE
Gephyromantis,tandroka,None,Mantellidae,Anura,None,Gephyromantis_tandroka,TRUE,TRUE,Extant,Endemic,Endemic,FALSE
Gephyromantis,thelenae,None,Mantellidae,Anura,None,Gephyromantis_thelenae,TRUE,TRUE,Extant,Endemic,Endemic,FALSE
Gephyromantis,tohatra,None,Mantellidae,Anura,None,NA,FALSE,FALSE,Extant,Endemic,Endemic,FALSE
Gephyromantis,tschenki,None,Mantellidae,Anura,None,Gephyromantis_tschenki,TRUE,TRUE,Extant,Endemic,Endemic,FALSE
Gephyromantis,ventrimaculatus,None,Mantellidae,Anura,None,Gephyromantis_ventrimaculatus,TRUE,TRUE,Extant,Endemic,Endemic,FALSE
Gephyromantis,verrucosus,None,Mantellidae,Anura,None,Gephyromantis_verrucosus,TRUE,TRUE,Extant,Endemic,Endemic,FALSE
Gephyromantis,webbi,None,Mantellidae,Anura,None,Gephyromantis_webbi,TRUE,TRUE,Extant,Endemic,Endemic,FALSE
Gephyromantis,zavona,None,Mantellidae,Anura,None,Gephyromantis_zavona,TRUE,TRUE,Extant,Endemic,Endemic,FALSE
Guibemantis,albolineatus,None,Mantellidae,Anura,None,Guibemantis_albolineatus,TRUE,TRUE,Extant,Endemic,Endemic,FALSE
Guibemantis,albomaculatus,None,Mantellidae,Anura,White-spotted Malagasy Pandanus Frog,NA,FALSE,FALSE,Extant,Endemic,Endemic,FALSE
Guibemantis,annulatus,None,Mantellidae,Anura,Ring-wearing Tree Frog,Guibemantis_annulatus,TRUE,FALSE,Extant,Endemic,Endemic,FALSE
Guibemantis,bicalcaratus,None,Mantellidae,Anura,None,Guibemantis_bicalcaratus,TRUE,TRUE,Extant,Endemic,Endemic,FALSE
Guibemantis,depressiceps,None,Mantellidae,Anura,None,Guibemantis_depressiceps,TRUE,TRUE,Extant,Endemic,Endemic,FALSE
Guibemantis,diphonus,None,Mantellidae,Anura,None,NA,FALSE,FALSE,Extant,Endemic,Endemic,FALSE
Guibemantis,flavobrunneus,None,Mantellidae,Anura,None,Guibemantis_flavobrunneus,TRUE,TRUE,Extant,Endemic,Endemic,FALSE
Guibemantis,kathrinae,None,Mantellidae,Anura,None,Guibemantis_kathrinae,TRUE,TRUE,Extant,Endemic,Endemic,FALSE
Guibemantis,liber,None,Mantellidae,Anura,None,Guibemantis_liber,TRUE,TRUE,Extant,Endemic,Endemic,FALSE
Guibemantis,methueni,None,Mantellidae,Anura,None,Guibemantis_methueni,TRUE,TRUE,Extant,Endemic,Endemic,FALSE
Guibemantis,milingilingy,None,Mantellidae,Anura,None,NA,FALSE,FALSE,Extant,Endemic,Endemic,FALSE
Guibemantis,pulcher,None,Mantellidae,Anura,None,Guibemantis_pulcher,TRUE,TRUE,Extant,Endemic,Endemic,FALSE
Guibemantis,punctatus,None,Mantellidae,Anura,None,Guibemantis_punctatus,TRUE,TRUE,Extant,Endemic,Endemic,FALSE
Guibemantis,tasifotsy,None,Mantellidae,Anura,White-flanked Malagasy Tree Frog,Guibemantis_tasifotsy,TRUE,TRUE,Extant,Endemic,Endemic,FALSE
Guibemantis,timidus,None,Mantellidae,Anura,None,Guibemantis_timidus,TRUE,TRUE,Extant,Endemic,Endemic,FALSE
Guibemantis,tornieri,None,Mantellidae,Anura,None,Guibemantis_tornieri,TRUE,TRUE,Extant,Endemic,Endemic,FALSE
Guibemantis,wattersoni,None,Mantellidae,Anura,Watterson’s tree frog,Guibemantis_wattersoni,TRUE,TRUE,Extant,Endemic,Endemic,FALSE
Guibemantis,woosteri,None,Mantellidae,Anura,Wooster’s Malagasy Pandanus Frog,NA,FALSE,FALSE,Extant,Endemic,Endemic,FALSE
Mantella,aurantiaca,None,Mantellidae,Anura,Golden Mantella,Mantella_aurantiaca,TRUE,TRUE,Extant,Endemic,Endemic,FALSE
Mantella,baroni,None,Mantellidae,Anura,None,Mantella_baroni,TRUE,TRUE,Extant,Endemic,Endemic,FALSE
Mantella,bernhardi,None,Mantellidae,Anura,None,Mantella_bernhardi,TRUE,TRUE,Extant,Endemic,Endemic,FALSE
Mantella,betsileo,None,Mantellidae,Anura,None,Mantella_betsileo,TRUE,TRUE,Extant,Endemic,Endemic,FALSE
Mantella,cowanii,None,Mantellidae,Anura,Harlequin Mantella,Mantella_cowanii,TRUE,TRUE,Extant,Endemic,Endemic,FALSE
Mantella,crocea,None,Mantellidae,Anura,None,Mantella_crocea,TRUE,TRUE,Extant,Endemic,Endemic,FALSE
Mantella,ebenaui,None,Mantellidae,Anura,None,Mantella_ebenaui,TRUE,TRUE,Extant,Endemic,Endemic,FALSE
Mantella,expectata,None,Mantellidae,Anura,Blue-legged mantella,Mantella_expectata,TRUE,TRUE,Extant,Endemic,Endemic,FALSE
Mantella,haraldmeieri,None,Mantellidae,Anura,None,Mantella_haraldmeieri,TRUE,TRUE,Extant,Endemic,Endemic,FALSE
Mantella,laevigata,None,Mantellidae,Anura,Malagasy Climbing Mantella,Mantella_laevigata,TRUE,TRUE,Extant,Endemic,Endemic,FALSE
Mantella,madagascariensis,None,Mantellidae,Anura,None,Mantella_madagascariensis,TRUE,TRUE,Extant,Endemic,Endemic,FALSE
Mantella,manery,None,Mantellidae,Anura,None,Mantella_manery,TRUE,TRUE,Extant,Endemic,Endemic,FALSE
Mantella,milotympanum,None,Mantellidae,Anura,None,Mantella_milotympanum,TRUE,TRUE,Extant,Endemic,Endemic,FALSE
Mantella,nigricans,None,Mantellidae,Anura,None,Mantella_nigricans,TRUE,TRUE,Extant,Endemic,Endemic,FALSE
Mantella,pulchra,None,Mantellidae,Anura,None,Mantella_pulchra,TRUE,TRUE,Extant,Endemic,Endemic,FALSE
Mantella,viridis,None,Mantellidae,Anura,None,Mantella_viridis,TRUE,TRUE,Extant,Endemic,Endemic,FALSE
Mantidactylus,aerumnalis,None,Mantellidae,Anura,None,Mantidactylus_aerumnalis,TRUE,TRUE,Extant,Endemic,Endemic,FALSE
Mantidactylus,albofrenatus,None,Mantellidae,Anura,None,Mantidactylus_albofrenatus,TRUE,TRUE,Extant,Endemic,Endemic,FALSE
Mantidactylus,alutus,None,Mantellidae,Anura,None,Mantidactylus_alutus,TRUE,TRUE,Extant,Endemic,Endemic,FALSE
Mantidactylus,ambohimitombi,None,Mantellidae,Anura,None,Mantidactylus_ambohimitombi,TRUE,FALSE,Extant,Endemic,Endemic,FALSE
Mantidactylus,ambony,None,Mantellidae,Anura,None,NA,FALSE,FALSE,Extant,Endemic,Endemic,FALSE
Mantidactylus,ambreensis,None,Mantellidae,Anura,None,Mantidactylus_ambreensis,TRUE,TRUE,Extant,Endemic,Endemic,FALSE
Mantidactylus,argenteus,None,Mantellidae,Anura,None,Mantidactylus_argenteus,TRUE,TRUE,Extant,Endemic,Endemic,FALSE
Mantidactylus,atsimo,None,Mantellidae,Anura,None,NA,FALSE,FALSE,Extant,Endemic,Endemic,FALSE
Mantidactylus,bellyi,None,Mantellidae,Anura,None,Mantidactylus_bellyi,TRUE,TRUE,Extant,Endemic,Endemic,FALSE
Mantidactylus,betsileanus,None,Mantellidae,Anura,None,Mantidactylus_betsileanus,TRUE,TRUE,Extant,Endemic,Endemic,FALSE
Mantidactylus,biporus,None,Mantellidae,Anura,None,Mantidactylus_biporus,TRUE,TRUE,Extant,Endemic,Endemic,FALSE
Mantidactylus,bourgati,None,Mantellidae,Anura,None,Mantidactylus_bourgati,TRUE,FALSE,Extant,Endemic,Endemic,FALSE
Mantidactylus,brevipalmatus,None,Mantellidae,Anura,None,Mantidactylus_brevipalmatus,TRUE,TRUE,Extant,Endemic,Endemic,FALSE
Mantidactylus,charlotteae,None,Mantellidae,Anura,None,Mantidactylus_charlotteae,TRUE,TRUE,Extant,Endemic,Endemic,FALSE
Mantidactylus,cowanii,None,Mantellidae,Anura,None,Mantidactylus_cowanii,TRUE,TRUE,Extant,Endemic,Endemic,FALSE
Mantidactylus,curtus,None,Mantellidae,Anura,None,Mantidactylus_curtus,TRUE,TRUE,Extant,Endemic,Endemic,FALSE
Mantidactylus,delormei,None,Mantellidae,Anura,None,Mantidactylus_delormei,TRUE,TRUE,Extant,Endemic,Endemic,FALSE
Mantidactylus,femoralis,None,Mantellidae,Anura,None,Mantidactylus_femoralis,TRUE,TRUE,Extant,Endemic,Endemic,FALSE
Mantidactylus,grandidieri,None,Mantellidae,Anura,None,Mantidactylus_grandidieri,TRUE,TRUE,Extant,Endemic,Endemic,FALSE
Mantidactylus,guttulatus,None,Mantellidae,Anura,None,Mantidactylus_guttulatus,TRUE,TRUE,Extant,Endemic,Endemic,FALSE
Mantidactylus,lugubris,None,Mantellidae,Anura,None,Mantidactylus_lugubris,TRUE,TRUE,Extant,Endemic,Endemic,FALSE
Mantidactylus,madecassus,None,Mantellidae,Anura,None,Mantidactylus_madecassus,TRUE,TRUE,Extant,Endemic,Endemic,FALSE
Mantidactylus,majori,None,Mantellidae,Anura,None,Mantidactylus_majori,TRUE,TRUE,Extant,Endemic,Endemic,FALSE
Mantidactylus,melanopleura,None,Mantellidae,Anura,None,Mantidactylus_melanopleura,TRUE,TRUE,Extant,Endemic,Endemic,FALSE
Mantidactylus,mocquardi,None,Mantellidae,Anura,None,Mantidactylus_mocquardi,TRUE,TRUE,Extant,Endemic,Endemic,FALSE
Mantidactylus,noralottae,None,Mantellidae,Anura,None,Mantidactylus_noralottae,TRUE,TRUE,Extant,Endemic,Endemic,FALSE
Mantidactylus,opiparis,None,Mantellidae,Anura,None,Mantidactylus_opiparis,TRUE,TRUE,Extant,Endemic,Endemic,FALSE
Mantidactylus,paidroa,None,Mantellidae,Anura,None,Mantidactylus_paidroa,TRUE,TRUE,Extant,Endemic,Endemic,FALSE
Mantidactylus,pauliani,None,Mantellidae,Anura,None,Mantidactylus_pauliani,TRUE,TRUE,Extant,Endemic,Endemic,FALSE
Mantidactylus,petakorona,None,Mantellidae,Anura,None,NA,FALSE,FALSE,Extant,Endemic,Endemic,FALSE
Mantidactylus,radaka,None,Mantellidae,Anura,None,NA,FALSE,FALSE,Extant,Endemic,Endemic,FALSE
Mantidactylus,schulzi,None,Mantellidae,Anura,None,NA,FALSE,FALSE,Extant,Endemic,Endemic,FALSE
Mantidactylus,tricinctus,None,Mantellidae,Anura,None,Mantidactylus_tricinctus,TRUE,FALSE,Extant,Endemic,Endemic,FALSE
Mantidactylus,ulcerosus,None,Mantellidae,Anura,None,Mantidactylus_ulcerosus,TRUE,TRUE,Extant,Endemic,Endemic,FALSE
Mantidactylus,zipperi,None,Mantellidae,Anura,None,Mantidactylus_zipperi,TRUE,TRUE,Extant,Endemic,Endemic,FALSE
Mantidactylus,zolitschka,None,Mantellidae,Anura,None,Mantidactylus_zolitschka,TRUE,TRUE,Extant,Endemic,Endemic,FALSE
Spinomantis,aglavei,None,Mantellidae,Anura,None,Spinomantis_aglavei,TRUE,TRUE,Extant,Endemic,Endemic,FALSE
Spinomantis,beckei,None,Mantellidae,Anura,None,NA,FALSE,FALSE,Extant,Endemic,Endemic,FALSE
Spinomantis,bertini,None,Mantellidae,Anura,None,Spinomantis_bertini,TRUE,TRUE,Extant,Endemic,Endemic,FALSE
Spinomantis,brunae,None,Mantellidae,Anura,Bruna's Madagascan stream frog,Spinomantis_brunae,TRUE,FALSE,Extant,Endemic,Endemic,FALSE
Spinomantis,elegans,None,Mantellidae,Anura,None,Spinomantis_elegans,TRUE,TRUE,Extant,Endemic,Endemic,FALSE
Spinomantis,fimbriatus,None,Mantellidae,Anura,None,Spinomantis_fimbriatus,TRUE,TRUE,Extant,Endemic,Endemic,FALSE
Spinomantis,guibei,None,Mantellidae,Anura,None,Spinomantis_guibei,TRUE,TRUE,Extant,Endemic,Endemic,FALSE
Spinomantis,massi,None,Mantellidae,Anura,None,Spinomantis_massi,TRUE,FALSE,Extant,Endemic,Endemic,FALSE
Spinomantis,microtis,None,Mantellidae,Anura,None,Spinomantis_microtis,TRUE,TRUE,Extant,Endemic,Endemic,FALSE
Spinomantis,mirus,None,Mantellidae,Anura,None,NA,FALSE,FALSE,Extant,Endemic,Endemic,FALSE
Spinomantis,nussbaumi,None,Mantellidae,Anura,None,Spinomantis_nussbaumi,TRUE,FALSE,Extant,Endemic,Endemic,FALSE
Spinomantis,peraccae,None,Mantellidae,Anura,None,Spinomantis_peraccae,TRUE,TRUE,Extant,Endemic,Endemic,FALSE
Spinomantis,phantasticus,None,Mantellidae,Anura,None,Spinomantis_phantasticus,TRUE,TRUE,Extant,Endemic,Endemic,FALSE
Spinomantis,tavaratra,None,Mantellidae,Anura,None,Spinomantis_tavaratra,TRUE,TRUE,Extant,Endemic,Endemic,FALSE
Tsingymantis,antitra,None,Mantellidae,Anura,None,Tsingymantis_antitra,TRUE,TRUE,Extant,Endemic,Endemic,FALSE
Wakea,madinika,None,Mantellidae,Anura,None,Wakea_madinika,TRUE,TRUE,Extant,Endemic,Endemic,FALSE
Anilany,helenae,None,Microhylidae,Anura,None,Stumpffia_helenae,TRUE,TRUE,Extant,Endemic,Endemic,FALSE
Anodonthyla,boulengerii,None,Microhylidae,Anura,None,Anodonthyla_boulengerii,TRUE,TRUE,Extant,Endemic,Endemic,FALSE
Anodonthyla,emilei,None,Microhylidae,Anura,None,Anodonthyla_emilei,TRUE,TRUE,Extant,Endemic,Endemic,FALSE
Anodonthyla,eximia,None,Microhylidae,Anura,None,NA,FALSE,FALSE,Extant,Endemic,Endemic,FALSE
Anodonthyla,hutchisoni,None,Microhylidae,Anura,None,Anodonthyla_hutchisoni,TRUE,TRUE,Extant,Endemic,Endemic,FALSE
Anodonthyla,jeanbai,None,Microhylidae,Anura,None,Anodonthyla_jeanbai,TRUE,TRUE,Extant,Endemic,Endemic,FALSE
Anodonthyla,montana,None,Microhylidae,Anura,None,Anodonthyla_montana,TRUE,TRUE,Extant,Endemic,Endemic,FALSE
Anodonthyla,moramora,None,Microhylidae,Anura,None,Anodonthyla_moramora,TRUE,TRUE,Extant,Endemic,Endemic,FALSE
Anodonthyla,nigrigularis,None,Microhylidae,Anura,None,Anodonthyla_nigrigularis,TRUE,TRUE,Extant,Endemic,Endemic,FALSE
Anodonthyla,pollicaris,None,Microhylidae,Anura,None,Anodonthyla_pollicaris,TRUE,TRUE,Extant,Endemic,Endemic,FALSE
Anodonthyla,rouxae,None,Microhylidae,Anura,None,Anodonthyla_rouxae,TRUE,TRUE,Extant,Endemic,Endemic,FALSE
Anodonthyla,theoi,None,Microhylidae,Anura,None,Anodonthyla_theoi,TRUE,TRUE,Extant,Endemic,Endemic,FALSE
Anodonthyla,vallani,None,Microhylidae,Anura,None,Anodonthyla_vallani,TRUE,TRUE,Extant,Endemic,Endemic,FALSE
Cophyla,berara,None,Microhylidae,Anura,None,Cophyla_berara,TRUE,TRUE,Extant,Endemic,Endemic,FALSE
Cophyla,fortuna,None,Microhylidae,Anura,Lucky Cophyla,NA,FALSE,FALSE,Extant,Endemic,Endemic,FALSE
Cophyla,maharipeo,None,Microhylidae,Anura,None,NA,FALSE,FALSE,Extant,Endemic,Endemic,FALSE
Cophyla,noromalalae,None,Microhylidae,Anura,None,NA,FALSE,FALSE,Extant,Endemic,Endemic,FALSE
Cophyla,occultans,None,Microhylidae,Anura,None,Cophyla_occultans,TRUE,FALSE,Extant,Endemic,Endemic,FALSE
Cophyla,phyllodactyla,None,Microhylidae,Anura,None,Cophyla_phyllodactyla,TRUE,TRUE,Extant,Endemic,Endemic,FALSE
Cophyla,puellarum,None,Microhylidae,Anura,None,NA,FALSE,FALSE,Extant,Endemic,Endemic,FALSE
Madecassophryne,truebae,None,Microhylidae,Anura,None,Madecassophryne_truebae,TRUE,FALSE,Extant,Endemic,Endemic,FALSE
Mini,ature,None,Microhylidae,Anura,None,NA,FALSE,FALSE,Extant,Endemic,Endemic,FALSE
Mini,mum,None,Microhylidae,Anura,None,NA,FALSE,FALSE,Extant,Endemic,Endemic,FALSE
Mini,scule,None,Microhylidae,Anura,None,NA,FALSE,FALSE,Extant,Endemic,Endemic,FALSE
Platypelis,alticola,None,Microhylidae,Anura,None,Platypelis alticola,TRUE,TRUE,Extant,Endemic,Endemic,FALSE
Platypelis,ando,None,Microhylidae,Anura,None,NA,FALSE,FALSE,Extant,Endemic,Endemic,FALSE
Platypelis,barbouri,None,Microhylidae,Anura,None,Platypelis_barbouri,TRUE,TRUE,Extant,Endemic,Endemic,FALSE
Platypelis,cowanii,None,Microhylidae,Anura,Betsileo Giant Treefrog,Platypelis_cowanii,TRUE,FALSE,Extant,Endemic,Endemic,FALSE
Platypelis,grandis,None,Microhylidae,Anura,None,Platypelis_grandis,TRUE,TRUE,Extant,Endemic,Endemic,FALSE
Platypelis,karenae,None,Microhylidae,Anura,None,NA,FALSE,FALSE,Extant,Endemic,Endemic,FALSE
Platypelis,laetus,None,Microhylidae,Anura,None,NA,FALSE,FALSE,Extant,Endemic,Endemic,FALSE
Platypelis,mavomavo,None,Microhylidae,Anura,Yellowish Tree Cophyline Frog (English),Platypelis_mavomavo,TRUE,TRUE,Extant,Endemic,Endemic,FALSE
Platypelis,milloti,None,Microhylidae,Anura,None,Platypelis_milloti,TRUE,TRUE,Extant,Endemic,Endemic,FALSE
Platypelis,olgae,None,Microhylidae,Anura,None,Platypelis_olgae,TRUE,FALSE,Extant,Endemic,Endemic,FALSE
Platypelis,pollicaris,None,Microhylidae,Anura,None,Platypelis_pollicaris,TRUE,TRUE,Extant,Endemic,Endemic,FALSE
Platypelis,ranjomena,None,Microhylidae,Anura,None,NA,FALSE,FALSE,Extant,Endemic,Endemic,FALSE
Platypelis,ravus,None,Microhylidae,Anura,None,Platypelis_ravus,TRUE,FALSE,Extant,Endemic,Endemic,FALSE
Platypelis,tetra,None,Microhylidae,Anura,Four-spotted tree cophyline frog (English),Platypelis_tetra,TRUE,TRUE,Extant,Endemic,Endemic,FALSE
Platypelis,tsaratananaensis,None,Microhylidae,Anura,None,Platypelis_tsaratananaensis,TRUE,TRUE,Extant,Endemic,Endemic,FALSE
Platypelis,tuberifera,None,Microhylidae,Anura,None,Platypelis_tuberifera,TRUE,TRUE,Extant,Endemic,Endemic,FALSE
Plethodontohyla,alluaudi,None,Microhylidae,Anura,None,Rhombophryne_alluaudi,TRUE,TRUE,Extant,Endemic,Endemic,FALSE
Plethodontohyla,angulifera,None,Microhylidae,Anura,Werner's Digging Frog,Plethodontohyla_angulifera,TRUE,FALSE,Extant,Endemic,Endemic,FALSE
Plethodontohyla,bipunctata,None,Microhylidae,Anura,None,Plethodontohyla_bipunctata,TRUE,TRUE,Extant,Endemic,Endemic,FALSE
Plethodontohyla,brevipes,None,Microhylidae,Anura,None,Plethodontohyla_brevipes,TRUE,TRUE,Extant,Endemic,Endemic,FALSE
Plethodontohyla,fonetana,None,Microhylidae,Anura,None,Plethodontohyla_fonetana,TRUE,TRUE,Extant,Endemic,Endemic,FALSE
Plethodontohyla,guentheri,None,Microhylidae,Anura,None,Plethodontohyla_guentheri,TRUE,TRUE,Extant,Endemic,Endemic,FALSE
Plethodontohyla,inguinalis,None,Microhylidae,Anura,None,Plethodontohyla_inguinalis,TRUE,TRUE,Extant,Endemic,Endemic,FALSE
Plethodontohyla,laevis,None,Microhylidae,Anura,None,NA,FALSE,FALSE,Extant,Endemic,Endemic,FALSE
Plethodontohyla,mihanika,None,Microhylidae,Anura,None,Plethodontohyla_mihanika,TRUE,TRUE,Extant,Endemic,Endemic,FALSE
Plethodontohyla,notosticta,None,Microhylidae,Anura,Mahanoro Digging Frog,Plethodontohyla_notosticta,TRUE,TRUE,Extant,Endemic,Endemic,FALSE
Plethodontohyla,ocellata,None,Microhylidae,Anura,None,Plethodontohyla_ocellata,TRUE,TRUE,Extant,Endemic,Endemic,FALSE
Plethodontohyla,tuberata,None,Microhylidae,Anura,None,Plethodontohyla_tuberata,TRUE,TRUE,Extant,Endemic,Endemic,FALSE
Rhombophryne,botabota,None,Microhylidae,Anura,Chubby diamond frog,NA,FALSE,FALSE,Extant,Endemic,Endemic,FALSE
Rhombophryne,coronata,None,Microhylidae,Anura,None,Rhombophryne_coronata,TRUE,TRUE,Extant,Endemic,Endemic,FALSE
Rhombophryne,coudreaui,None,Microhylidae,Anura,None,Rhombophryne_coudreaui,TRUE,TRUE,Extant,Endemic,Endemic,FALSE
Rhombophryne,diadema,None,Microhylidae,Anura,Diadem saw-browed frog,NA,FALSE,FALSE,Extant,Endemic,Endemic,FALSE
Rhombophryne,ellae,None,Microhylidae,Anura,None,NA,FALSE,FALSE,Extant,Endemic,Endemic,FALSE
Rhombophryne,guentherpetersi,None,Microhylidae,Anura,None,Rhombophryne_guentherpetersi,TRUE,FALSE,Extant,Endemic,Endemic,FALSE
Rhombophryne,laevipes,None,Microhylidae,Anura,None,Rhombophryne_laevipes,TRUE,TRUE,Extant,Endemic,Endemic,FALSE
Rhombophryne,longicrus,None,Microhylidae,Anura,None,NA,FALSE,FALSE,Extant,Endemic,Endemic,FALSE
Rhombophryne,mangabensis,None,Microhylidae,Anura,None,Rhombophryne_mangabensis,TRUE,FALSE,Extant,Endemic,Endemic,FALSE
Rhombophryne,matavy,None,Microhylidae,Anura,None,Rhombophryne_matavy,TRUE,FALSE,Extant,Endemic,Endemic,FALSE
Rhombophryne,minuta,None,Microhylidae,Anura,None,Rhombophryne_minuta,TRUE,TRUE,Extant,Endemic,Endemic,FALSE
Rhombophryne,nilevina,None,Microhylidae,Anura,Buried Diamond Frog,NA,FALSE,FALSE,Extant,Endemic,Endemic,FALSE
Rhombophryne,ornata,None,Microhylidae,Anura,None,NA,FALSE,FALSE,Extant,Endemic,Endemic,FALSE
Rhombophryne,proportionalis,None,Microhylidae,Anura,None,NA,FALSE,FALSE,Extant,Endemic,Endemic,FALSE
Rhombophryne,regalis,None,Microhylidae,Anura,Regal saw-browed diamond frog,NA,FALSE,FALSE,Extant,Endemic,Endemic,FALSE
Rhombophryne,savaka,None,Microhylidae,Anura,Savaka diamond frog,NA,FALSE,FALSE,Extant,Endemic,Endemic,FALSE
Rhombophryne,serratopalpebrosa,None,Microhylidae,Anura,None,Rhombophryne_serratopalpebrosa,TRUE,TRUE,Extant,Endemic,Endemic,FALSE
Rhombophryne,tany,None,Microhylidae,Anura,None,NA,FALSE,FALSE,Extant,Endemic,Endemic,FALSE
Rhombophryne,testudo,None,Microhylidae,Anura,None,Rhombophryne_testudo,TRUE,TRUE,Extant,Endemic,Endemic,FALSE
Rhombophryne,vaventy,None,Microhylidae,Anura,None,NA,FALSE,FALSE,Extant,Endemic,Endemic,FALSE
Stumpffia,achillei,None,Microhylidae,Anura,None,NA,FALSE,FALSE,Extant,Endemic,Endemic,FALSE
Stumpffia,analamaina,None,Microhylidae,Anura,None,Stumpffia_analamaina,TRUE,FALSE,Extant,Endemic,Endemic,FALSE
Stumpffia,analanjirofo,None,Microhylidae,Anura,None,NA,FALSE,FALSE,Extant,Endemic,Endemic,FALSE
Stumpffia,angeluci,None,Microhylidae,Anura,None,NA,FALSE,FALSE,Extant,Endemic,Endemic,FALSE
Stumpffia,be,None,Microhylidae,Anura,None,Stumpffia_be,TRUE,TRUE,Extant,Endemic,Endemic,FALSE
Stumpffia,betampona,None,Microhylidae,Anura,None,NA,FALSE,FALSE,Extant,Endemic,Endemic,FALSE
Stumpffia,contumelia,None,Microhylidae,Anura,None,NA,FALSE,FALSE,Extant,Endemic,Endemic,FALSE
Stumpffia,davidattenboroughi,None,Microhylidae,Anura,None,NA,FALSE,FALSE,Extant,Endemic,Endemic,FALSE
Stumpffia,diutissima,None,Microhylidae,Anura,None,NA,FALSE,FALSE,Extant,Endemic,Endemic,FALSE
Stumpffia,dolchi,None,Microhylidae,Anura,None,NA,FALSE,FALSE,Extant,Endemic,Endemic,FALSE
Stumpffia,edmondsi,None,Microhylidae,Anura,None,NA,FALSE,FALSE,Extant,Endemic,Endemic,FALSE
Stumpffia,froschaueri,None,Microhylidae,Anura,None,NA,FALSE,FALSE,Extant,Endemic,Endemic,FALSE
Stumpffia,fusca,None,Microhylidae,Anura,None,NA,FALSE,FALSE,Extant,Endemic,Endemic,FALSE
Stumpffia,garraffoi,None,Microhylidae,Anura,None,NA,FALSE,FALSE,Extant,Endemic,Endemic,FALSE
Stumpffia,gimmeli,None,Microhylidae,Anura,None,Stumpffia_gimmeli,TRUE,TRUE,Extant,Endemic,Endemic,FALSE
Stumpffia,grandis,None,Microhylidae,Anura,None,Stumpffia_grandis,TRUE,TRUE,Extant,Endemic,Endemic,FALSE
Stumpffia,hara,None,Microhylidae,Anura,None,Stumpffia_hara,TRUE,TRUE,Extant,Endemic,Endemic,FALSE
Stumpffia,huwei,None,Microhylidae,Anura,None,NA,FALSE,FALSE,Extant,Endemic,Endemic,FALSE
Stumpffia,iharana,None,Microhylidae,Anura,None,NA,FALSE,FALSE,Extant,Endemic,Endemic,FALSE
Stumpffia,jeannoeli,None,Microhylidae,Anura,None,NA,FALSE,FALSE,Extant,Endemic,Endemic,FALSE
Stumpffia,kibomena,None,Microhylidae,Anura,None,NA,FALSE,FALSE,Extant,Endemic,Endemic,FALSE
Stumpffia,larinki,None,Microhylidae,Anura,None,NA,FALSE,FALSE,Extant,Endemic,Endemic,FALSE
Stumpffia,madagascariensis,None,Microhylidae,Anura,None,Stumpffia_madagascariensis,TRUE,TRUE,Extant,Endemic,Endemic,FALSE
Stumpffia,makira,None,Microhylidae,Anura,None,NA,FALSE,FALSE,Extant,Endemic,Endemic,FALSE
Stumpffia,maledicta,None,Microhylidae,Anura,None,NA,FALSE,FALSE,Extant,Endemic,Endemic,FALSE
Stumpffia,mamitika,None,Microhylidae,Anura,None,NA,FALSE,FALSE,Extant,Endemic,Endemic,FALSE
Stumpffia,megsoni,None,Microhylidae,Anura,None,Stumpffia_megsoni,TRUE,TRUE,Extant,Endemic,Endemic,FALSE
Stumpffia,meikeae,None,Microhylidae,Anura,None,NA,FALSE,FALSE,Extant,Endemic,Endemic,FALSE
Stumpffia,miery,None,Microhylidae,Anura,None,Stumpffia_miery,TRUE,FALSE,Extant,Endemic,Endemic,FALSE
Stumpffia,miovaova,None,Microhylidae,Anura,None,NA,FALSE,FALSE,Extant,Endemic,Endemic,FALSE
Stumpffia,nigrorubra,None,Microhylidae,Anura,None,NA,FALSE,FALSE,Extant,Endemic,Endemic,FALSE
Stumpffia,obscoena,None,Microhylidae,Anura,None,NA,FALSE,FALSE,Extant,Endemic,Endemic,FALSE
Stumpffia,pardus,None,Microhylidae,Anura,None,NA,FALSE,FALSE,Extant,Endemic,Endemic,FALSE
Stumpffia,psologlossa,None,Microhylidae,Anura,None,Stumpffia_psologlossa,TRUE,TRUE,Extant,Endemic,Endemic,FALSE
Stumpffia,pygmaea,None,Microhylidae,Anura,None,Stumpffia_pygmaea,TRUE,TRUE,Extant,Endemic,Endemic,FALSE
Stumpffia,roseifemoralis,None,Microhylidae,Anura,None,Stumpffia_roseifemoralis,TRUE,TRUE,Extant,Endemic,Endemic,FALSE
Stumpffia,sorata,None,Microhylidae,Anura,None,NA,FALSE,FALSE,Extant,Endemic,Endemic,FALSE
Stumpffia,spandei,None,Microhylidae,Anura,None,NA,FALSE,FALSE,Extant,Endemic,Endemic,FALSE
Stumpffia,staffordi,None,Microhylidae,Anura,None,Stumpffia_staffordi,TRUE,TRUE,Extant,Endemic,Endemic,FALSE
Stumpffia,tetradactyla,None,Microhylidae,Anura,None,Stumpffia_tetradactyla,TRUE,TRUE,Extant,Endemic,Endemic,FALSE
Stumpffia,tridactyla,None,Microhylidae,Anura,None,Stumpffia_tridactyla,TRUE,TRUE,Extant,Endemic,Endemic,FALSE
Stumpffia,yanniki,None,Microhylidae,Anura,None,NA,FALSE,FALSE,Extant,Endemic,Endemic,FALSE
Dyscophus,antongilii,None,Microhylidae,Anura,Tomato Frog,Dyscophus_antongilii,TRUE,TRUE,Extant,Endemic,Endemic,FALSE
Dyscophus,guineti,None,Microhylidae,Anura,None,Dyscophus_guineti,TRUE,TRUE,Extant,Endemic,Endemic,FALSE
Dyscophus,insularis,None,Microhylidae,Anura,None,Dyscophus_insularis,TRUE,TRUE,Extant,Endemic,Endemic,FALSE
Paradoxophyla,palmata,None,Microhylidae,Anura,None,Paradoxophyla_palmata,TRUE,TRUE,Extant,Endemic,Endemic,FALSE
Paradoxophyla,tiarano,None,Microhylidae,Anura,None,Paradoxophyla_tiarano,TRUE,TRUE,Extant,Endemic,Endemic,FALSE
Scaphiophryne,boribory,None,Microhylidae,Anura,None,Scaphiophryne_boribory,TRUE,TRUE,Extant,Endemic,Endemic,FALSE
Scaphiophryne,brevis,None,Microhylidae,Anura,Brown Rain Frog,Scaphiophryne_brevis,TRUE,TRUE,Extant,Endemic,Endemic,FALSE
Scaphiophryne,calcarata,None,Microhylidae,Anura,None,Scaphiophryne_calcarata,TRUE,TRUE,Extant,Endemic,Endemic,FALSE
Scaphiophryne,gottlebei,None,Microhylidae,Anura,Gottlebe's Narrow-mouthed Frog; Sahon'orana (in Malagasy),Scaphiophryne_gottlebei,TRUE,TRUE,Extant,Endemic,Endemic,FALSE
Scaphiophryne,madagascariensis,None,Microhylidae,Anura,None,Scaphiophryne_madagascariensis,TRUE,TRUE,Extant,Endemic,Endemic,FALSE
Scaphiophryne,marmorata,None,Microhylidae,Anura,None,Scaphiophryne_marmorata,TRUE,TRUE,Extant,Endemic,Endemic,FALSE
Scaphiophryne,matsoko,None,Microhylidae,Anura,None,NA,FALSE,FALSE,Extant,Endemic,Endemic,FALSE
Scaphiophryne,menabensis,None,Microhylidae,Anura,None,Scaphiophryne_menabensis,TRUE,TRUE,Extant,Endemic,Endemic,FALSE
Scaphiophryne,obscura,None,Microhylidae,Anura,None,Scaphiophryne_obscura,TRUE,FALSE,Extant,Endemic,Endemic,FALSE
Scaphiophryne,spinosa,None,Microhylidae,Anura,None,Scaphiophryne_spinosa,TRUE,TRUE,Extant,Endemic,Endemic,FALSE
Ptychadena,mascareniensis,None,Ptychadenidae,Anura,Mascarene ridged frog,Ptychadena_mascareniensis,TRUE,TRUE,Extant,Non-endemic,Non-endemic,FALSE